product_id,name,category,brand,unit_cost,list_price,launch_date
PROD-25968,BrandA Clothing #1,Clothing,BrandA,205.88,379.87,2021-10-18
PROD-68962,BrandF Home #2,Home,BrandF,351.95,828.58,2024-12-26
PROD-57728,BrandC Clothing #3,Clothing,BrandC,370.57,681.28,2021-03-03
PROD-19272,BrandD Clothing #4,Clothing,BrandD,337.74,709.99,2020-11-14
PROD-64435,BrandF Food #5,Food,BrandF,337.42,591.09,2020-03-10
PROD-23206,BrandA Electronics #6,Electronics,BrandA,306.18,515.48,2022-04-20
PROD-58562,BrandF Clothing #7,Clothing,BrandF,260.17,598.67,2023-08-15
PROD-67218,BrandE Home #8,Home,BrandE,100.51,209.73,2021-09-09
PROD-16495,BrandD Electronics #9,Electronics,BrandD,421.72,725.81,2022-12-22
PROD-29405,BrandC Clothing #10,Clothing,BrandC,482.2,1155.83,2021-06-17
PROD-36613,BrandE Food #11,Food,BrandE,234.31,444.77,2024-10-19
PROD-93547,BrandB Electronics #12,Electronics,BrandB,466.75,712.23,2020-02-26
PROD-29904,BrandB Clothing #13,Clothing,BrandB,499.0,938.05,2021-03-15
PROD-92861,BrandF Electronics #14,Electronics,BrandF,244.13,515.03,2023-05-26
PROD-58058,BrandB Clothing #15,Clothing,BrandB,362.73,631.34,2025-01-20
PROD-95379,BrandE Home #16,Home,BrandE,322.61,746.05,2022-05-29
PROD-84815,BrandF Clothing #17,Clothing,BrandF,120.16,233.08,2020-06-01
PROD-36365,BrandD Clothing #18,Clothing,BrandD,25.45,47.37,2023-04-24
PROD-60379,BrandB Clothing #19,Clothing,BrandB,227.77,530.81,2021-08-15
PROD-74525,BrandF Home #20,Home,BrandF,394.03,731.12,2021-10-29
PROD-17053,BrandE Electronics #21,Electronics,BrandE,163.92,294.61,2025-07-14
PROD-69671,BrandD Home #22,Home,BrandD,392.65,559.31,2025-08-25
PROD-51369,BrandA Clothing #23,Clothing,BrandA,328.09,569.23,2021-07-21
PROD-13204,BrandC Home #24,Home,BrandC,348.38,618.88,2023-07-20
PROD-88031,BrandC Clothing #25,Clothing,BrandC,144.3,218.87,2023-03-31
PROD-33900,BrandB Electronics #26,Electronics,BrandB,236.08,473.43,2025-10-07
PROD-88677,BrandC Clothing #27,Clothing,BrandC,92.49,136.2,2025-09-05
PROD-28609,BrandA Electronics #28,Electronics,BrandA,124.8,195.74,2022-02-06
PROD-58749,BrandE Home #29,Home,BrandE,46.75,92.25,2020-02-25
PROD-43372,BrandC Food #30,Food,BrandC,65.13,105.69,2020-01-06
PROD-90369,BrandE Food #31,Food,BrandE,106.84,220.9,2020-01-11
PROD-95774,BrandC Electronics #32,Electronics,BrandC,290.96,619.34,2024-09-08
PROD-79305,BrandE Food #33,Food,BrandE,221.72,368.4,2024-06-09
PROD-86104,BrandE Clothing #34,Clothing,BrandE,134.94,189.57,2024-12-18
PROD-79202,BrandA Home #35,Home,BrandA,430.83,813.12,2020-11-01
PROD-36408,BrandC Food #36,Food,BrandC,263.52,371.95,2020-05-08
PROD-92835,BrandE Food #37,Food,BrandE,461.71,885.69,2021-01-08
PROD-57702,BrandD Home #38,Home,BrandD,318.21,690.98,2023-10-02
PROD-40912,BrandB Food #39,Food,BrandB,9.86,20.16,2020-01-20
PROD-27303,BrandE Food #40,Food,BrandE,456.91,839.76,2023-12-19
PROD-73879,BrandB Electronics #41,Electronics,BrandB,429.02,1044.68,2025-05-02
PROD-34969,BrandF Food #42,Food,BrandF,318.37,452.75,2020-11-15
PROD-68740,BrandE Clothing #43,Clothing,BrandE,268.32,632.16,2024-06-07
PROD-15850,BrandB Electronics #44,Electronics,BrandB,227.56,514.32,2023-04-26
PROD-67132,BrandB Home #45,Home,BrandB,242.12,436.71,2025-08-31
PROD-67834,BrandF Electronics #46,Electronics,BrandF,385.07,571.23,2021-06-17
PROD-57225,BrandD Food #47,Food,BrandD,257.54,382.97,2021-05-12
PROD-69122,BrandE Electronics #48,Electronics,BrandE,89.66,215.74,2020-02-06
PROD-99440,BrandE Clothing #49,Clothing,BrandE,30.97,48.95,2024-03-25
PROD-85465,BrandA Home #50,Home,BrandA,64.84,152.31,2025-03-15
PROD-49559,BrandE Electronics #51,Electronics,BrandE,127.22,242.22,2020-02-11
PROD-88439,BrandC Food #52,Food,BrandC,185.13,343.25,2022-12-13
PROD-95900,BrandF Food #53,Food,BrandF,446.42,912.22,2024-05-06
PROD-24405,BrandB Home #54,Home,BrandB,121.07,188.63,2024-09-09
PROD-42303,BrandA Electronics #55,Electronics,BrandA,161.16,292.35,2025-08-01
PROD-76873,BrandD Home #56,Home,BrandD,113.06,274.3,2024-05-03
PROD-56347,BrandD Clothing #57,Clothing,BrandD,273.78,434.19,2025-07-10
PROD-22123,BrandD Clothing #58,Clothing,BrandD,309.31,744.17,2025-12-18
PROD-52526,BrandB Clothing #59,Clothing,BrandB,267.0,665.64,2025-07-26
PROD-43634,BrandC Clothing #60,Clothing,BrandC,476.02,648.48,2022-08-17
PROD-76493,BrandF Clothing #61,Clothing,BrandF,497.7,964.37,2022-06-11
PROD-56398,BrandE Electronics #62,Electronics,BrandE,419.02,631.12,2022-07-26
PROD-22592,BrandF Clothing #63,Clothing,BrandF,403.04,824.64,2025-09-14
PROD-14452,BrandB Food #64,Food,BrandB,184.29,458.41,2021-09-09
PROD-35857,BrandF Clothing #65,Clothing,BrandF,290.73,690.85,2024-07-07
PROD-24108,BrandC Electronics #66,Electronics,BrandC,177.03,426.61,2023-10-02
PROD-88865,BrandF Clothing #67,Clothing,BrandF,392.61,610.91,2020-05-15
PROD-34400,BrandF Clothing #68,Clothing,BrandF,87.57,170.83,2022-12-01
PROD-67104,BrandA Food #69,Food,BrandA,109.9,173.84,2021-03-02
PROD-21478,BrandF Home #70,Home,BrandF,21.27,50.61,2024-05-16
PROD-49754,BrandD Food #71,Food,BrandD,305.25,466.84,2022-09-07
PROD-94068,BrandE Food #72,Food,BrandE,344.89,512.08,2022-02-20
PROD-67909,BrandD Electronics #73,Electronics,BrandD,3.67,4.82,2020-05-23
PROD-35948,BrandB Home #74,Home,BrandB,256.37,389.26,2020-10-13
PROD-77290,BrandF Clothing #75,Clothing,BrandF,189.68,289.78,2024-08-01
PROD-55105,BrandA Clothing #76,Clothing,BrandA,396.61,552.47,2025-03-05
PROD-31159,BrandE Electronics #77,Electronics,BrandE,21.37,50.03,2021-09-30
PROD-99688,BrandB Electronics #78,Electronics,BrandB,26.19,58.56,2024-12-20
PROD-94382,BrandE Home #79,Home,BrandE,310.86,499.05,2023-04-24
PROD-60997,BrandC Electronics #80,Electronics,BrandC,296.64,664.45,2022-02-08
PROD-12986,BrandB Clothing #81,Clothing,BrandB,415.88,751.33,2022-09-16
PROD-47034,BrandB Electronics #82,Electronics,BrandB,296.95,662.38,2024-02-22
PROD-56256,BrandB Home #83,Home,BrandB,474.79,801.26,2025-06-15
PROD-93681,BrandF Home #84,Home,BrandF,158.56,313.57,2022-12-15
PROD-75969,BrandE Home #85,Home,BrandE,200.16,351.87,2022-01-29
PROD-30024,BrandE Home #86,Home,BrandE,488.88,745.65,2024-07-26
PROD-55902,BrandD Home #87,Home,BrandD,55.55,111.25,2023-02-25
PROD-26155,BrandC Clothing #88,Clothing,BrandC,398.36,876.79,2022-05-05
PROD-52645,BrandF Electronics #89,Electronics,BrandF,7.76,17.1,2022-10-04
PROD-58182,BrandB Clothing #90,Clothing,BrandB,244.28,422.01,2023-03-20
PROD-55880,BrandF Clothing #91,Clothing,BrandF,78.39,150.7,2020-11-03
PROD-48457,BrandC Food #92,Food,BrandC,300.23,665.47,2020-05-06
PROD-49352,BrandC Electronics #93,Electronics,BrandC,399.49,545.46,2023-12-28
PROD-81728,BrandC Electronics #94,Electronics,BrandC,18.46,25.59,2021-01-18
PROD-55528,BrandE Food #95,Food,BrandE,83.56,146.35,2023-03-11
PROD-13780,BrandE Electronics #96,Electronics,BrandE,172.62,270.7,2024-09-09
PROD-76674,BrandE Electronics #97,Electronics,BrandE,129.39,226.38,2021-04-16
PROD-65595,BrandA Electronics #98,Electronics,BrandA,192.84,272.39,2022-04-16
PROD-72612,BrandA Food #99,Food,BrandA,476.03,957.02,2025-11-14
PROD-73961,BrandF Electronics #100,Electronics,BrandF,52.4,110.36,2020-03-17
PROD-25587,BrandF Electronics #101,Electronics,BrandF,212.79,478.82,2024-07-14
PROD-97472,BrandA Electronics #102,Electronics,BrandA,229.63,477.77,2021-01-02
PROD-99135,BrandF Home #103,Home,BrandF,141.61,251.45,2025-06-08
PROD-23118,BrandB Electronics #104,Electronics,BrandB,140.7,340.76,2022-06-21
PROD-29704,BrandF Electronics #105,Electronics,BrandF,357.95,777.32,2020-01-15
PROD-32161,BrandF Home #106,Home,BrandF,309.69,598.7,2024-04-22
PROD-96980,BrandD Home #107,Home,BrandD,406.79,629.8,2020-11-18
PROD-93919,BrandB Electronics #108,Electronics,BrandB,203.73,423.51,2022-03-07
PROD-33851,BrandE Clothing #109,Clothing,BrandE,304.14,611.34,2023-01-06
PROD-66756,BrandA Electronics #110,Electronics,BrandA,447.01,947.66,2024-06-21
PROD-31911,BrandC Food #111,Food,BrandC,425.96,953.02,2022-07-07
PROD-13424,BrandD Clothing #112,Clothing,BrandD,460.17,1103.52,2025-02-23
PROD-30728,BrandA Home #113,Home,BrandA,135.95,331.56,2022-11-21
PROD-16960,BrandC Home #114,Home,BrandC,492.74,1013.18,2022-01-17
PROD-86296,BrandE Food #115,Food,BrandE,408.56,1004.71,2022-01-08
PROD-80689,BrandA Electronics #116,Electronics,BrandA,397.81,952.24,2024-10-20
PROD-26587,BrandC Home #117,Home,BrandC,334.45,435.83,2023-12-28
PROD-61072,BrandA Food #118,Food,BrandA,491.67,1015.37,2020-10-05
PROD-28463,BrandD Home #119,Home,BrandD,221.9,335.99,2024-07-02
PROD-60887,BrandA Electronics #120,Electronics,BrandA,371.29,614.2,2022-06-29
PROD-90637,BrandB Food #121,Food,BrandB,350.01,579.97,2022-02-03
PROD-89187,BrandD Home #122,Home,BrandD,366.58,689.08,2020-08-01
PROD-84976,BrandB Home #123,Home,BrandB,376.23,494.0,2025-12-28
PROD-31698,BrandB Food #124,Food,BrandB,97.0,153.55,2020-04-25
PROD-27167,BrandF Clothing #125,Clothing,BrandF,175.83,234.72,2025-12-24
PROD-24438,BrandE Clothing #126,Clothing,BrandE,197.34,410.6,2020-05-21
PROD-21441,BrandA Food #127,Food,BrandA,374.5,886.5,2023-01-12
PROD-65242,BrandF Home #128,Home,BrandF,358.69,895.77,2020-08-17
PROD-69259,BrandC Food #129,Food,BrandC,417.02,766.59,2022-12-16
PROD-89418,BrandA Electronics #130,Electronics,BrandA,394.68,636.29,2025-01-05
PROD-18130,BrandF Electronics #131,Electronics,BrandF,298.82,694.38,2023-07-17
PROD-33872,BrandC Food #132,Food,BrandC,71.69,102.93,2023-04-06
PROD-75515,BrandB Home #133,Home,BrandB,318.46,786.31,2020-09-17
PROD-71316,BrandA Electronics #134,Electronics,BrandA,443.76,957.55,2025-09-07
PROD-48468,BrandF Clothing #135,Clothing,BrandF,322.3,613.89,2022-04-02
PROD-23714,BrandB Home #136,Home,BrandB,448.02,634.39,2023-03-25
PROD-53578,BrandD Clothing #137,Clothing,BrandD,499.53,660.3,2025-05-21
PROD-25471,BrandB Electronics #138,Electronics,BrandB,180.88,353.34,2023-10-10
PROD-58197,BrandF Clothing #139,Clothing,BrandF,362.2,650.74,2024-05-30
PROD-91135,BrandE Clothing #140,Clothing,BrandE,270.9,626.1,2021-02-08
PROD-27612,BrandD Electronics #141,Electronics,BrandD,228.58,473.34,2022-10-05
PROD-20616,BrandC Food #142,Food,BrandC,121.45,220.83,2023-03-30
PROD-76386,BrandD Food #143,Food,BrandD,124.47,195.57,2021-01-20
PROD-12191,BrandC Food #144,Food,BrandC,94.12,176.62,2022-04-24
PROD-98506,BrandF Food #145,Food,BrandF,316.48,473.33,2024-12-27
PROD-79744,BrandE Electronics #146,Electronics,BrandE,72.74,152.78,2025-08-03
PROD-46303,BrandA Electronics #147,Electronics,BrandA,216.83,439.49,2024-12-09
PROD-42625,BrandE Electronics #148,Electronics,BrandE,262.62,596.7,2025-08-09
PROD-44817,BrandB Electronics #149,Electronics,BrandB,220.24,405.12,2025-12-28
PROD-45699,BrandB Food #150,Food,BrandB,427.75,699.11,2021-03-11
PROD-85559,BrandC Electronics #151,Electronics,BrandC,222.7,513.03,2025-02-18
PROD-81987,BrandB Food #152,Food,BrandB,43.25,92.09,2023-09-21
PROD-28412,BrandF Electronics #153,Electronics,BrandF,496.12,1065.69,2025-02-25
PROD-26194,BrandF Electronics #154,Electronics,BrandF,422.8,817.57,2023-10-30
PROD-58649,BrandA Electronics #155,Electronics,BrandA,330.7,777.53,2020-09-30
PROD-68529,BrandB Clothing #156,Clothing,BrandB,378.65,595.75,2023-05-18
PROD-75445,BrandC Food #157,Food,BrandC,65.84,117.33,2024-07-24
PROD-38217,BrandE Home #158,Home,BrandE,383.43,864.82,2020-09-29
PROD-53421,BrandD Electronics #159,Electronics,BrandD,105.46,153.92,2023-01-10
PROD-19384,BrandE Food #160,Food,BrandE,245.51,557.24,2023-12-04
PROD-51016,BrandA Home #161,Home,BrandA,90.64,156.18,2022-10-14
PROD-71874,BrandD Clothing #162,Clothing,BrandD,377.38,547.43,2024-10-17
PROD-37397,BrandB Electronics #163,Electronics,BrandB,124.48,173.65,2020-10-05
PROD-38679,BrandB Electronics #164,Electronics,BrandB,128.1,296.12,2022-01-26
PROD-51605,BrandE Electronics #165,Electronics,BrandE,56.39,125.99,2025-09-16
PROD-87994,BrandA Home #166,Home,BrandA,360.86,593.85,2023-02-01
PROD-64369,BrandA Clothing #167,Clothing,BrandA,149.33,214.98,2021-01-31
PROD-92713,BrandC Clothing #168,Clothing,BrandC,260.1,415.3,2020-09-11
PROD-15550,BrandE Home #169,Home,BrandE,167.46,260.5,2023-07-24
PROD-86414,BrandD Clothing #170,Clothing,BrandD,387.8,845.27,2025-08-02
PROD-13938,BrandA Food #171,Food,BrandA,114.79,178.92,2020-04-17
PROD-39011,BrandE Electronics #172,Electronics,BrandE,470.54,733.72,2020-08-28
PROD-48391,BrandC Clothing #173,Clothing,BrandC,162.03,216.91,2022-04-02
PROD-31292,BrandE Electronics #174,Electronics,BrandE,53.72,108.31,2021-04-01
PROD-99036,BrandB Electronics #175,Electronics,BrandB,121.67,258.76,2020-09-22
PROD-90352,BrandF Clothing #176,Clothing,BrandF,38.82,80.91,2021-10-16
PROD-61411,BrandB Food #177,Food,BrandB,235.43,466.7,2023-11-10
PROD-50765,BrandF Food #178,Food,BrandF,126.63,311.42,2024-12-15
PROD-78558,BrandC Food #179,Food,BrandC,443.25,827.67,2021-11-02
PROD-73696,BrandE Electronics #180,Electronics,BrandE,259.53,605.27,2024-03-15
PROD-53256,BrandD Home #181,Home,BrandD,118.22,245.33,2024-12-09
PROD-84444,BrandA Electronics #182,Electronics,BrandA,226.73,317.65,2020-01-16
PROD-27364,BrandA Home #183,Home,BrandA,99.61,226.32,2025-02-12
PROD-34991,BrandC Food #184,Food,BrandC,91.01,182.14,2021-02-06
PROD-11587,BrandB Food #185,Food,BrandB,151.73,316.24,2024-02-10
PROD-20718,BrandD Clothing #186,Clothing,BrandD,55.93,84.81,2024-07-02
PROD-27890,BrandA Home #187,Home,BrandA,95.95,175.11,2025-01-26
PROD-66234,BrandD Food #188,Food,BrandD,469.15,1105.65,2022-06-04
PROD-86996,BrandB Electronics #189,Electronics,BrandB,334.07,520.65,2023-12-16
PROD-63117,BrandB Home #190,Home,BrandB,460.71,598.99,2020-02-27
PROD-50086,BrandC Electronics #191,Electronics,BrandC,129.91,209.03,2022-09-06
PROD-34318,BrandD Clothing #192,Clothing,BrandD,428.79,808.29,2025-10-13
PROD-19128,BrandC Food #193,Food,BrandC,182.41,416.9,2020-12-13
PROD-62623,BrandC Home #194,Home,BrandC,73.81,152.93,2020-11-27
PROD-22674,BrandC Clothing #195,Clothing,BrandC,402.74,967.73,2024-03-14
PROD-81132,BrandC Electronics #196,Electronics,BrandC,31.71,58.56,2023-01-23
PROD-46797,BrandC Clothing #197,Clothing,BrandC,203.62,360.2,2022-09-24
PROD-41500,BrandF Clothing #198,Clothing,BrandF,410.02,646.89,2021-06-28
PROD-12398,BrandD Clothing #199,Clothing,BrandD,309.36,483.12,2021-01-10
PROD-31808,BrandC Clothing #200,Clothing,BrandC,260.0,567.67,2024-06-04
PROD-11201,BrandE Home #201,Home,BrandE,178.11,248.72,2022-02-23
PROD-75250,BrandD Electronics #202,Electronics,BrandD,39.38,62.66,2024-08-29
PROD-54088,BrandF Electronics #203,Electronics,BrandF,495.5,1170.9,2022-08-29
PROD-80728,BrandD Clothing #204,Clothing,BrandD,89.04,177.39,2022-05-20
PROD-60871,BrandB Electronics #205,Electronics,BrandB,129.14,175.1,2021-05-19
PROD-95886,BrandD Electronics #206,Electronics,BrandD,119.49,256.32,2023-12-14
PROD-80540,BrandE Clothing #207,Clothing,BrandE,454.15,866.53,2021-09-15
PROD-23282,BrandB Clothing #208,Clothing,BrandB,382.32,889.06,2025-06-15
PROD-20494,BrandB Clothing #209,Clothing,BrandB,229.75,486.82,2022-06-14
PROD-90033,BrandD Food #210,Food,BrandD,477.8,623.69,2024-11-21
PROD-34219,BrandF Home #211,Home,BrandF,28.29,43.76,2022-10-27
PROD-78858,BrandC Clothing #212,Clothing,BrandC,447.05,719.55,2022-06-28
PROD-66571,BrandD Clothing #213,Clothing,BrandD,32.09,68.76,2022-09-20
PROD-73170,BrandD Electronics #214,Electronics,BrandD,196.78,376.08,2022-08-25
PROD-34010,BrandD Electronics #215,Electronics,BrandD,28.89,63.47,2022-11-15
PROD-38174,BrandA Food #216,Food,BrandA,499.49,956.74,2025-04-28
PROD-59936,BrandC Food #217,Food,BrandC,457.37,774.26,2024-03-21
PROD-11997,BrandF Electronics #218,Electronics,BrandF,293.23,417.67,2020-03-16
PROD-38048,BrandF Electronics #219,Electronics,BrandF,110.49,170.5,2020-05-07
PROD-55679,BrandE Clothing #220,Clothing,BrandE,139.84,249.05,2020-02-20
PROD-28401,BrandA Clothing #221,Clothing,BrandA,225.87,443.1,2024-02-23
PROD-35719,BrandC Home #222,Home,BrandC,162.74,394.87,2021-03-27
PROD-98518,BrandA Electronics #223,Electronics,BrandA,12.61,20.02,2022-04-24
PROD-36083,BrandB Electronics #224,Electronics,BrandB,328.82,690.29,2024-12-19
PROD-91217,BrandF Clothing #225,Clothing,BrandF,307.49,456.02,2020-10-15
PROD-93442,BrandC Electronics #226,Electronics,BrandC,452.35,975.49,2020-12-01
PROD-70649,BrandB Electronics #227,Electronics,BrandB,239.47,314.57,2020-06-23
PROD-23767,BrandE Clothing #228,Clothing,BrandE,173.67,362.47,2021-09-17
PROD-28511,BrandE Clothing #229,Clothing,BrandE,256.74,384.05,2020-07-15
PROD-94080,BrandD Electronics #230,Electronics,BrandD,98.96,150.06,2023-10-10
PROD-10133,BrandE Food #231,Food,BrandE,313.52,617.85,2024-06-03
PROD-55342,BrandE Clothing #232,Clothing,BrandE,385.48,674.78,2021-02-07
PROD-63665,BrandD Electronics #233,Electronics,BrandD,78.42,146.3,2023-02-23
PROD-85445,BrandF Home #234,Home,BrandF,160.55,268.23,2021-10-26
PROD-90556,BrandB Clothing #235,Clothing,BrandB,434.16,1061.16,2020-06-24
PROD-35522,BrandC Home #236,Home,BrandC,253.75,418.38,2022-10-20
PROD-55228,BrandD Home #237,Home,BrandD,266.85,520.48,2024-03-08
PROD-67052,BrandE Clothing #238,Clothing,BrandE,361.76,841.17,2021-05-15
PROD-96866,BrandC Electronics #239,Electronics,BrandC,289.79,607.69,2024-09-23
PROD-60092,BrandC Home #240,Home,BrandC,36.65,61.84,2025-12-15
PROD-20962,BrandA Clothing #241,Clothing,BrandA,402.37,789.82,2020-05-03
PROD-93174,BrandD Electronics #242,Electronics,BrandD,461.57,646.01,2020-12-24
PROD-56120,BrandA Food #243,Food,BrandA,28.53,55.77,2021-09-26
PROD-26136,BrandC Clothing #244,Clothing,BrandC,62.38,113.39,2025-02-06
PROD-27124,BrandC Home #245,Home,BrandC,351.58,776.82,2020-11-07
PROD-28411,BrandE Food #246,Food,BrandE,303.03,702.27,2022-10-27
PROD-74912,BrandC Home #247,Home,BrandC,192.49,296.35,2023-03-23
PROD-95406,BrandA Food #248,Food,BrandA,270.55,378.19,2020-10-10
PROD-49722,BrandD Food #249,Food,BrandD,352.26,623.03,2020-04-02
PROD-18816,BrandB Clothing #250,Clothing,BrandB,253.23,491.51,2020-09-16
PROD-89964,BrandC Home #251,Home,BrandC,71.81,125.82,2020-05-03
PROD-67121,BrandB Home #252,Home,BrandB,46.54,95.61,2023-01-01
PROD-61367,BrandA Home #253,Home,BrandA,220.55,420.54,2025-08-14
PROD-15450,BrandF Home #254,Home,BrandF,461.6,1118.9,2022-02-13
PROD-97354,BrandB Food #255,Food,BrandB,279.77,501.14,2021-07-16
PROD-16929,BrandD Clothing #256,Clothing,BrandD,180.39,252.36,2021-05-29
PROD-64936,BrandE Home #257,Home,BrandE,454.54,755.59,2025-11-21
PROD-63743,BrandC Electronics #258,Electronics,BrandC,195.54,396.37,2025-10-02
PROD-56246,BrandF Electronics #259,Electronics,BrandF,255.55,410.73,2023-11-22
PROD-59623,BrandC Clothing #260,Clothing,BrandC,60.02,97.4,2022-10-12
PROD-45808,BrandF Food #261,Food,BrandF,369.23,630.46,2020-12-16
PROD-61572,BrandC Food #262,Food,BrandC,350.75,770.03,2025-07-28
PROD-42745,BrandA Electronics #263,Electronics,BrandA,397.53,965.27,2020-01-03
PROD-52628,BrandF Electronics #264,Electronics,BrandF,163.95,282.07,2020-12-25
PROD-71030,BrandF Electronics #265,Electronics,BrandF,219.15,336.3,2024-01-27
PROD-76812,BrandF Clothing #266,Clothing,BrandF,85.83,154.9,2021-02-06
PROD-23801,BrandA Electronics #267,Electronics,BrandA,482.32,830.66,2020-08-25
PROD-99296,BrandF Food #268,Food,BrandF,44.87,111.64,2023-07-30
PROD-18702,BrandC Electronics #269,Electronics,BrandC,325.21,603.8,2020-02-27
PROD-34820,BrandF Clothing #270,Clothing,BrandF,353.22,747.11,2021-08-14
PROD-41214,BrandF Clothing #271,Clothing,BrandF,80.55,193.04,2023-11-09
PROD-39109,BrandB Clothing #272,Clothing,BrandB,183.93,377.95,2021-02-09
PROD-41668,BrandC Home #273,Home,BrandC,23.48,37.55,2024-07-22
PROD-39074,BrandB Electronics #274,Electronics,BrandB,279.19,566.45,2020-07-26
PROD-49241,BrandB Clothing #275,Clothing,BrandB,497.48,886.63,2023-09-06
PROD-78694,BrandD Food #276,Food,BrandD,216.08,390.42,2020-06-16
PROD-84471,BrandC Electronics #277,Electronics,BrandC,495.02,1225.27,2024-05-23
PROD-41321,BrandD Home #278,Home,BrandD,64.86,106.0,2024-07-08
PROD-33258,BrandE Home #279,Home,BrandE,197.44,367.78,2024-10-08
PROD-70906,BrandB Food #280,Food,BrandB,451.18,673.09,2021-09-10
PROD-15361,BrandA Home #281,Home,BrandA,438.59,664.14,2021-06-01
PROD-50129,BrandE Clothing #282,Clothing,BrandE,163.15,330.25,2025-11-14
PROD-29800,BrandB Clothing #283,Clothing,BrandB,339.95,748.3,2024-05-18
PROD-64702,BrandB Electronics #284,Electronics,BrandB,443.31,914.88,2021-02-05
PROD-17046,BrandD Electronics #285,Electronics,BrandD,383.9,650.76,2020-03-04
PROD-84611,BrandB Electronics #286,Electronics,BrandB,314.98,432.01,2022-02-15
PROD-34299,BrandB Clothing #287,Clothing,BrandB,77.98,145.38,2023-12-28
PROD-56265,BrandB Clothing #288,Clothing,BrandB,38.36,73.08,2022-04-01
PROD-61501,BrandD Electronics #289,Electronics,BrandD,308.08,685.41,2024-11-05
PROD-52765,BrandF Food #290,Food,BrandF,251.14,519.44,2023-01-01
PROD-50319,BrandF Electronics #291,Electronics,BrandF,120.54,282.73,2025-12-12
PROD-34027,BrandE Clothing #292,Clothing,BrandE,147.8,331.01,2025-03-23
PROD-79527,BrandF Electronics #293,Electronics,BrandF,197.26,343.05,2022-10-29
PROD-56431,BrandD Food #294,Food,BrandD,248.77,512.13,2025-01-03
PROD-29419,BrandC Clothing #295,Clothing,BrandC,196.35,431.33,2022-09-09
PROD-33617,BrandE Food #296,Food,BrandE,194.87,477.09,2020-01-22
PROD-49476,BrandB Electronics #297,Electronics,BrandB,59.63,107.74,2021-11-06
PROD-85921,BrandE Clothing #298,Clothing,BrandE,433.06,899.87,2022-06-16
PROD-96523,BrandF Home #299,Home,BrandF,305.36,540.85,2025-11-10
PROD-44997,BrandC Electronics #300,Electronics,BrandC,74.76,163.38,2024-12-19
PROD-45562,BrandD Clothing #301,Clothing,BrandD,213.09,510.22,2020-11-17
PROD-21619,BrandE Electronics #302,Electronics,BrandE,209.52,503.49,2020-01-01
PROD-59111,BrandE Electronics #303,Electronics,BrandE,301.11,448.2,2023-03-05
PROD-31597,BrandB Clothing #304,Clothing,BrandB,305.22,471.54,2023-03-15
PROD-83759,BrandF Electronics #305,Electronics,BrandF,323.32,713.22,2024-05-30
PROD-58112,BrandD Clothing #306,Clothing,BrandD,349.56,719.12,2021-07-22
PROD-29968,BrandA Home #307,Home,BrandA,53.47,127.59,2024-11-15
PROD-92465,BrandA Electronics #308,Electronics,BrandA,153.85,257.94,2022-06-23
PROD-83388,BrandE Electronics #309,Electronics,BrandE,10.64,24.66,2022-01-03
PROD-37050,BrandC Home #310,Home,BrandC,228.41,484.35,2022-07-10
PROD-20811,BrandA Clothing #311,Clothing,BrandA,215.86,331.25,2025-09-01
PROD-33794,BrandD Home #312,Home,BrandD,367.69,533.81,2022-05-08
PROD-43902,BrandD Clothing #313,Clothing,BrandD,85.22,182.65,2023-05-13
PROD-46590,BrandA Food #314,Food,BrandA,316.48,471.6,2025-05-09
PROD-84008,BrandC Home #315,Home,BrandC,154.73,348.64,2020-02-10
PROD-97097,BrandC Electronics #316,Electronics,BrandC,192.19,378.33,2023-03-21
PROD-77255,BrandE Home #317,Home,BrandE,360.2,674.38,2024-04-01
PROD-86069,BrandD Food #318,Food,BrandD,37.63,61.36,2025-06-04
PROD-21261,BrandA Home #319,Home,BrandA,172.71,428.43,2020-05-14
PROD-23470,BrandD Electronics #320,Electronics,BrandD,196.88,426.56,2024-05-12
PROD-91731,BrandF Clothing #321,Clothing,BrandF,358.44,800.64,2024-10-25
PROD-65237,BrandA Electronics #322,Electronics,BrandA,101.21,224.93,2022-02-08
PROD-31215,BrandF Home #323,Home,BrandF,473.81,948.01,2024-06-23
PROD-81267,BrandA Electronics #324,Electronics,BrandA,498.89,1211.12,2022-12-17
PROD-25746,BrandD Electronics #325,Electronics,BrandD,409.82,819.88,2023-12-13
PROD-79120,BrandC Home #326,Home,BrandC,151.26,291.03,2022-05-04
PROD-89480,BrandE Clothing #327,Clothing,BrandE,332.61,541.64,2021-01-23
PROD-53996,BrandF Food #328,Food,BrandF,43.41,71.11,2024-12-21
PROD-69073,BrandF Clothing #329,Clothing,BrandF,435.9,952.12,2021-04-19
PROD-75864,BrandF Food #330,Food,BrandF,258.96,440.68,2021-02-15
PROD-89231,BrandE Electronics #331,Electronics,BrandE,89.87,195.42,2025-04-26
PROD-62522,BrandB Clothing #332,Clothing,BrandB,165.05,403.26,2025-08-14
PROD-36414,BrandC Clothing #333,Clothing,BrandC,400.77,732.27,2023-08-28
PROD-28130,BrandE Clothing #334,Clothing,BrandE,435.37,616.83,2023-06-26
PROD-41998,BrandB Clothing #335,Clothing,BrandB,260.82,547.68,2022-03-01
PROD-15044,BrandD Electronics #336,Electronics,BrandD,241.2,316.32,2023-09-02
PROD-72879,BrandD Food #337,Food,BrandD,375.87,843.6,2023-08-28
PROD-43254,BrandF Electronics #338,Electronics,BrandF,413.44,798.26,2023-02-06
PROD-74040,BrandA Clothing #339,Clothing,BrandA,382.89,722.77,2023-12-07
PROD-15574,BrandA Clothing #340,Clothing,BrandA,193.45,383.68,2023-04-30
PROD-38968,BrandA Clothing #341,Clothing,BrandA,321.68,617.53,2025-04-11
PROD-45551,BrandD Food #342,Food,BrandD,428.97,724.33,2024-01-03
PROD-17879,BrandD Clothing #343,Clothing,BrandD,77.58,127.06,2022-04-24
PROD-84599,BrandD Home #344,Home,BrandD,195.29,351.2,2023-12-06
PROD-63779,BrandB Food #345,Food,BrandB,30.2,71.69,2021-05-19
PROD-85986,BrandB Home #346,Home,BrandB,205.62,300.71,2021-04-14
PROD-82166,BrandC Food #347,Food,BrandC,386.6,653.24,2024-12-17
PROD-13066,BrandA Electronics #348,Electronics,BrandA,100.12,153.26,2023-06-30
PROD-87881,BrandE Home #349,Home,BrandE,271.86,492.76,2020-04-27
PROD-16258,BrandA Home #350,Home,BrandA,20.22,29.53,2022-02-16
PROD-88404,BrandE Food #351,Food,BrandE,449.03,993.68,2025-11-27
PROD-70288,BrandC Electronics #352,Electronics,BrandC,410.36,584.42,2023-10-28
PROD-83748,BrandF Electronics #353,Electronics,BrandF,263.16,552.19,2025-03-18
PROD-54999,BrandE Food #354,Food,BrandE,353.48,573.08,2023-04-15
PROD-24413,BrandC Clothing #355,Clothing,BrandC,53.75,100.33,2020-04-03
PROD-23442,BrandE Food #356,Food,BrandE,422.91,651.28,2021-01-28
PROD-20684,BrandA Clothing #357,Clothing,BrandA,358.2,779.54,2020-07-20
PROD-82497,BrandB Clothing #358,Clothing,BrandB,61.74,150.52,2024-05-29
PROD-58021,BrandC Electronics #359,Electronics,BrandC,490.38,767.98,2024-07-16
PROD-29484,BrandF Electronics #360,Electronics,BrandF,13.22,32.31,2022-09-28
PROD-21236,BrandE Electronics #361,Electronics,BrandE,315.0,532.45,2024-05-06
PROD-17033,BrandC Home #362,Home,BrandC,87.53,172.38,2023-04-23
PROD-33228,BrandB Food #363,Food,BrandB,360.19,771.49,2024-06-09
PROD-77455,BrandF Home #364,Home,BrandF,37.06,57.04,2024-01-14
PROD-90317,BrandD Food #365,Food,BrandD,42.39,77.73,2022-09-25
PROD-64731,BrandA Home #366,Home,BrandA,234.21,323.54,2023-12-02
PROD-99613,BrandB Clothing #367,Clothing,BrandB,497.02,1061.87,2021-11-29
PROD-45499,BrandF Home #368,Home,BrandF,139.71,251.47,2024-06-29
PROD-39926,BrandF Home #369,Home,BrandF,307.04,727.68,2025-06-25
PROD-72345,BrandF Food #370,Food,BrandF,260.26,423.91,2021-03-29
PROD-22120,BrandA Electronics #371,Electronics,BrandA,421.38,1014.82,2024-01-02
PROD-92024,BrandE Food #372,Food,BrandE,145.72,214.1,2020-08-29
PROD-80212,BrandA Electronics #373,Electronics,BrandA,278.36,564.61,2022-04-07
PROD-13076,BrandE Electronics #374,Electronics,BrandE,475.41,793.64,2024-01-06
PROD-26851,BrandF Food #375,Food,BrandF,167.63,254.49,2021-08-31
PROD-66491,BrandC Home #376,Home,BrandC,220.82,311.96,2021-06-01
PROD-76469,BrandB Electronics #377,Electronics,BrandB,444.63,927.84,2022-04-21
PROD-29635,BrandE Electronics #378,Electronics,BrandE,167.58,264.74,2020-09-08
PROD-77224,BrandA Home #379,Home,BrandA,191.58,380.74,2023-10-02
PROD-52672,BrandD Electronics #380,Electronics,BrandD,153.45,379.84,2020-10-14
PROD-70771,BrandB Electronics #381,Electronics,BrandB,405.15,680.31,2021-12-31
PROD-48158,BrandC Food #382,Food,BrandC,465.33,624.44,2021-11-16
PROD-50882,BrandE Home #383,Home,BrandE,316.29,465.39,2025-10-22
PROD-45098,BrandF Clothing #384,Clothing,BrandF,312.57,451.1,2025-12-13
PROD-24125,BrandC Clothing #385,Clothing,BrandC,196.22,364.17,2020-06-22
PROD-27132,BrandB Clothing #386,Clothing,BrandB,8.22,18.03,2020-12-10
PROD-25090,BrandF Electronics #387,Electronics,BrandF,88.62,146.73,2024-05-23
PROD-82238,BrandC Home #388,Home,BrandC,75.42,111.25,2021-10-16
PROD-48093,BrandB Home #389,Home,BrandB,59.71,123.54,2023-11-12
PROD-44156,BrandF Clothing #390,Clothing,BrandF,327.72,544.48,2025-07-11
PROD-87009,BrandF Clothing #391,Clothing,BrandF,69.9,139.12,2020-12-22
PROD-89847,BrandB Clothing #392,Clothing,BrandB,44.65,108.08,2025-10-12
PROD-31058,BrandA Electronics #393,Electronics,BrandA,192.53,317.6,2020-04-25
PROD-41920,BrandA Clothing #394,Clothing,BrandA,126.01,241.31,2021-05-16
PROD-47056,BrandD Electronics #395,Electronics,BrandD,74.64,169.3,2023-01-17
PROD-85574,BrandB Home #396,Home,BrandB,74.77,159.26,2025-04-13
PROD-70446,BrandD Clothing #397,Clothing,BrandD,129.59,285.33,2023-04-29
PROD-59001,BrandE Food #398,Food,BrandE,269.35,599.86,2020-10-31
PROD-31161,BrandA Clothing #399,Clothing,BrandA,379.53,739.29,2021-06-29
PROD-44706,BrandF Home #400,Home,BrandF,426.68,829.16,2024-07-27
PROD-12596,BrandA Home #401,Home,BrandA,376.21,813.62,2023-05-15
PROD-73362,BrandA Clothing #402,Clothing,BrandA,314.85,672.89,2020-01-29
PROD-92697,BrandE Electronics #403,Electronics,BrandE,454.0,955.25,2023-01-04
PROD-80798,BrandD Food #404,Food,BrandD,260.83,458.69,2022-06-10
PROD-37836,BrandF Electronics #405,Electronics,BrandF,317.41,728.22,2020-01-02
PROD-53442,BrandD Electronics #406,Electronics,BrandD,206.99,327.76,2021-06-26
PROD-96184,BrandC Electronics #407,Electronics,BrandC,165.04,245.39,2025-08-12
PROD-48287,BrandE Home #408,Home,BrandE,167.19,286.6,2024-03-23
PROD-85520,BrandE Electronics #409,Electronics,BrandE,75.86,121.72,2020-06-04
PROD-61967,BrandE Clothing #410,Clothing,BrandE,398.71,835.62,2020-02-05
PROD-54903,BrandC Clothing #411,Clothing,BrandC,29.57,46.64,2022-01-28
PROD-62664,BrandF Food #412,Food,BrandF,337.99,705.65,2022-10-16
PROD-30124,BrandB Clothing #413,Clothing,BrandB,432.5,828.61,2022-09-21
PROD-48293,BrandC Home #414,Home,BrandC,249.72,370.32,2024-03-07
PROD-37391,BrandB Food #415,Food,BrandB,36.96,59.51,2021-01-15
PROD-78189,BrandB Clothing #416,Clothing,BrandB,215.35,414.78,2020-04-12
PROD-65114,BrandB Clothing #417,Clothing,BrandB,172.93,376.94,2024-01-14
PROD-45974,BrandD Home #418,Home,BrandD,492.8,876.15,2025-05-21
PROD-84025,BrandE Home #419,Home,BrandE,346.25,546.87,2021-01-02
PROD-50769,BrandC Clothing #420,Clothing,BrandC,361.24,597.52,2022-03-02
PROD-95796,BrandF Clothing #421,Clothing,BrandF,258.88,366.09,2023-10-05
PROD-64478,BrandC Electronics #422,Electronics,BrandC,355.29,472.6,2020-12-28
PROD-89714,BrandC Electronics #423,Electronics,BrandC,361.84,892.93,2025-02-28
PROD-98816,BrandA Electronics #424,Electronics,BrandA,35.05,49.62,2021-05-09
PROD-39429,BrandF Electronics #425,Electronics,BrandF,112.86,163.63,2023-03-13
PROD-33461,BrandA Electronics #426,Electronics,BrandA,8.46,19.84,2022-01-12
PROD-85206,BrandA Home #427,Home,BrandA,255.88,536.38,2024-01-02
PROD-30875,BrandF Home #428,Home,BrandF,438.15,798.87,2021-03-10
PROD-77688,BrandD Home #429,Home,BrandD,305.56,635.21,2020-08-03
PROD-25919,BrandA Food #430,Food,BrandA,251.1,608.16,2023-01-24
PROD-88286,BrandC Food #431,Food,BrandC,463.13,657.3,2025-03-11
PROD-72049,BrandD Electronics #432,Electronics,BrandD,87.76,139.75,2023-10-19
PROD-56893,BrandA Food #433,Food,BrandA,39.15,91.31,2024-07-14
PROD-50418,BrandE Clothing #434,Clothing,BrandE,458.82,1026.27,2022-08-08
PROD-67353,BrandE Clothing #435,Clothing,BrandE,451.59,1125.86,2020-11-03
PROD-44974,BrandA Home #436,Home,BrandA,342.12,573.63,2022-07-25
PROD-45801,BrandD Home #437,Home,BrandD,124.5,303.02,2025-12-04
PROD-28368,BrandB Electronics #438,Electronics,BrandB,484.94,830.42,2024-09-09
PROD-24205,BrandE Food #439,Food,BrandE,383.14,826.86,2024-03-22
PROD-90202,BrandC Electronics #440,Electronics,BrandC,337.6,796.5,2021-10-21
PROD-77428,BrandB Electronics #441,Electronics,BrandB,113.01,170.07,2023-08-07
PROD-49885,BrandD Electronics #442,Electronics,BrandD,257.52,398.32,2023-09-27
PROD-84855,BrandC Electronics #443,Electronics,BrandC,411.64,822.11,2023-12-05
PROD-64692,BrandC Food #444,Food,BrandC,430.41,995.36,2025-05-11
PROD-63917,BrandF Clothing #445,Clothing,BrandF,281.59,392.74,2024-02-03
PROD-20127,BrandD Electronics #446,Electronics,BrandD,262.35,608.93,2021-04-30
PROD-58444,BrandC Home #447,Home,BrandC,349.45,598.17,2021-04-30
PROD-19717,BrandB Clothing #448,Clothing,BrandB,265.07,473.81,2023-09-20
PROD-71553,BrandD Clothing #449,Clothing,BrandD,210.01,358.66,2025-03-13
PROD-16061,BrandA Clothing #450,Clothing,BrandA,44.54,106.62,2025-09-08
PROD-56281,BrandF Clothing #451,Clothing,BrandF,64.77,94.37,2023-08-29
PROD-43061,BrandA Clothing #452,Clothing,BrandA,380.62,757.1,2023-03-07
PROD-21774,BrandE Food #453,Food,BrandE,14.28,21.1,2024-11-23
PROD-52559,BrandC Home #454,Home,BrandC,28.05,67.72,2025-11-11
PROD-28060,BrandE Clothing #455,Clothing,BrandE,452.51,1021.55,2020-03-02
PROD-32012,BrandC Clothing #456,Clothing,BrandC,352.59,557.3,2021-11-10
PROD-90090,BrandA Electronics #457,Electronics,BrandA,4.1,6.8,2022-01-01
PROD-41470,BrandF Home #458,Home,BrandF,157.4,276.68,2023-05-21
PROD-46354,BrandE Clothing #459,Clothing,BrandE,382.13,682.68,2021-10-08
PROD-10563,BrandA Clothing #460,Clothing,BrandA,209.97,478.9,2021-11-12
PROD-37047,BrandA Home #461,Home,BrandA,235.46,465.61,2020-02-23
PROD-41597,BrandD Food #462,Food,BrandD,230.48,417.98,2020-01-09
PROD-74724,BrandF Electronics #463,Electronics,BrandF,102.66,222.09,2022-09-13
PROD-20725,BrandD Clothing #464,Clothing,BrandD,361.25,668.11,2025-12-26
PROD-93688,BrandA Clothing #465,Clothing,BrandA,53.3,77.49,2021-10-10
PROD-21554,BrandE Home #466,Home,BrandE,254.61,363.83,2021-06-10
PROD-68751,BrandC Clothing #467,Clothing,BrandC,86.64,146.52,2021-08-02
PROD-10405,BrandD Electronics #468,Electronics,BrandD,25.17,50.93,2025-11-03
PROD-83764,BrandC Food #469,Food,BrandC,73.34,107.21,2023-12-26
PROD-72674,BrandA Clothing #470,Clothing,BrandA,434.93,852.53,2023-12-02
PROD-85380,BrandA Electronics #471,Electronics,BrandA,89.72,145.66,2021-02-19
PROD-93815,BrandD Home #472,Home,BrandD,140.63,300.17,2025-06-04
PROD-85059,BrandD Electronics #473,Electronics,BrandD,70.77,94.4,2021-03-07
PROD-65939,BrandB Home #474,Home,BrandB,368.3,686.08,2025-10-21
PROD-85461,BrandA Home #475,Home,BrandA,223.83,305.02,2025-09-18
PROD-18658,BrandE Electronics #476,Electronics,BrandE,471.93,800.68,2023-05-29
PROD-68069,BrandA Food #477,Food,BrandA,332.83,438.9,2025-03-18
PROD-99068,BrandB Home #478,Home,BrandB,266.63,496.71,2025-12-31
PROD-43947,BrandC Food #479,Food,BrandC,329.0,730.52,2023-06-26
PROD-97802,BrandE Food #480,Food,BrandE,22.13,31.43,2024-08-08
PROD-55599,BrandF Electronics #481,Electronics,BrandF,475.43,1037.52,2023-07-18
PROD-52141,BrandD Electronics #482,Electronics,BrandD,478.3,957.09,2023-02-22
PROD-37011,BrandF Food #483,Food,BrandF,139.52,265.86,2022-01-03
PROD-19708,BrandD Electronics #484,Electronics,BrandD,314.89,635.88,2023-12-06
PROD-88872,BrandF Electronics #485,Electronics,BrandF,102.55,174.65,2021-08-08
PROD-74866,BrandB Clothing #486,Clothing,BrandB,274.64,591.14,2021-03-01
PROD-46018,BrandA Electronics #487,Electronics,BrandA,385.85,862.61,2021-08-26
PROD-96532,BrandE Home #488,Home,BrandE,470.03,1049.99,2020-01-25
PROD-26544,BrandF Home #489,Home,BrandF,170.93,277.48,2025-08-09
PROD-80082,BrandE Home #490,Home,BrandE,347.37,724.16,2021-07-16
PROD-50698,BrandC Electronics #491,Electronics,BrandC,358.78,530.17,2024-10-19
PROD-66178,BrandC Clothing #492,Clothing,BrandC,112.13,212.43,2022-08-11
PROD-13351,BrandA Home #493,Home,BrandA,315.26,410.83,2022-01-14
PROD-64974,BrandC Clothing #494,Clothing,BrandC,328.4,503.21,2021-05-14
PROD-71125,BrandE Food #495,Food,BrandE,382.51,787.24,2024-12-04
PROD-98012,BrandA Food #496,Food,BrandA,499.97,1174.55,2023-01-31
PROD-41150,BrandC Clothing #497,Clothing,BrandC,22.04,29.95,2022-09-12
PROD-16580,BrandB Clothing #498,Clothing,BrandB,102.75,202.44,2023-12-13
PROD-15550,BrandC Food #499,Food,BrandC,74.25,153.26,2024-10-25
PROD-23460,BrandE Electronics #500,Electronics,BrandE,78.91,190.87,2023-12-08
